title,type,url,notebooks,times_listed
,pdf,https://pure.strath.ac.uk/ws/portalfiles/portal/236417912/Taylor-Leisk-RSE-2024-Queer-and-the-Cost-of-Living-Crisis-Illustrated-Summary.pdf,black-mens-mh,5
"""Without community, there is no liberation"": Policy Briefing |",web_page,https://mental-health.blkoutuk.com/policy-briefing.html,critical-frequency,1
# Unveiling the Power of (In)visibility: Black Queer Men,google_docs,,uk-mh-brief,1
#BeeWell Research Papers - #BeeWell,web_page,https://beewellprogramme.org/research/publications/beewell-research-papers/,black-mens-mh,5
'Friendship Bench' therapy significantly reduced anxiety and,web_page,https://www.lshtm.ac.uk/newsevents/news/2016/friendship_bench_therapy_reduced_anxiety_depression.html,critical-frequency,1
"(PDF) Health care access, health care utilisation and sexual",web_page,https://www.researchgate.net/publication/346842454_Health_care_access_health_care_utilisation_and_sexual_orientation_disclosure_among_Black_sexual_minority_men_in_the_Deep_South,critical-frequency,1
04-boiler-room-broadcast-lab.md,markdown,,cf-fundraising,1
1-critical-frequency-narrative.docx,docx,,cf-fundraising,1
16 Spring/Summer 2026 Trends Everyone's Talking About - Who,web_page,https://www.whowhatwear.com/fashion/trends/spring-summer-2026-fashion-trends,uk-mh-brief,1
1726 Title: Health Committee - Men's Mental Health Report - London,pdf,https://www.london.gov.uk/sites/default/files/2025-11/1726%20-%20Health%20Committee%20-%20Men%27s%20Mental%20Health%20Combined.pdf,black-mens-mh,5
2-critical-frequency-pitch-deck.pptx,unknown,,cf-fundraising,1
2021 census: What do we know about the LGBT+ population?,web_page,https://commonslibrary.parliament.uk/2021-census-what-do-we-know-about-the-lgbt-population/,critical-frequency,1
2024 United Kingdom Report on the Mental Health of LGBTQ+,web_page,https://research.birmingham.ac.uk/en/publications/2024-united-kingdom-report-on-the-mental-health-of-lgbtq-young-pe/,black-mens-mh;critical-frequency,6
2024 United Kingdom Survey on the Mental Health of LGBTQ+ Young,pdf,https://www.thetrevorproject.org/survey-international/assets/static/2024_UK_National_Survey_EN.pdf,black-mens-mh;critical-frequency;uk-mh-brief,8
2025 edition and access to HIV PrEP in the UK,web_page,https://i-base.info/guides/prep/introduction-and-access,uk-mh-brief,1
2025/2026 - 10 New Insights in Climate Science,pdf,https://10insightsclimate.science/wp-content/uploads/2025/10/10NICS-2025-Report_digital.pdf,uk-mh-brief,1
2026 Black Mental Health Resources,web_page,https://mentalhealth.cityofnewyork.us/resource-guides-toolkits/resource-guides/2025-black-mental-health-resources,critical-frequency,1
2026 FIFA World Cup - Wikipedia,web_page,https://en.wikipedia.org/wiki/2026_FIFA_World_Cup,uk-mh-brief,1
2Prevention Definitions - The Research & Training Center for,pdf,http://rtckids.fmhi.usf.edu/rtcpubs/study04/SBMHchapter2.pdf,critical-frequency,1
3-seven-lives-webinar-script.docx,docx,,cf-fundraising,1
4-detention-estimate.docx,docx,,cf-fundraising,1
5 Best LGBTQ+ Dating Sites And Apps Of 2026 - Forbes,web_page,https://www.forbes.com/health/dating/best-lgbtq-dating-sites/,critical-frequency,1
5-phased-partnership-v2.docx,docx,,cf-fundraising,1
82+ Best Bi Gay Health Tantra Wellness Retreats in United,web_page,https://retreat.guru/be/bi-gay-health-tantra-wellness-retreats/united-kingdom,critical-frequency,1
A Guide to Population Health Management - Athenahealth,web_page,https://www.athenahealth.com/resources/blog/what-is-population-health-management,critical-frequency,1
A multi-US city assessment of awareness and uptake of pre-,pdf,https://cdr.lib.unc.edu/downloads/vq27zx988,critical-frequency,1
About 1 — BWMHI - Black Women's Mental Health Institute,web_page,https://www.bwmhi.org/2026tour,critical-frequency,1
About Damon Centola - NETWORK DYNAMICS GROUP - University of,web_page,https://ndg.asc.upenn.edu/damon-centola/,critical-frequency,1
About Queerwell | LGBTQ+ Mental Health & Wellness,web_page,https://www.queerwell.org.uk/about,black-mens-mh,6
An integrative collaborative care model for people with,web_page,https://pmc.ncbi.nlm.nih.gov/articles/PMC7659089/,critical-frequency,1
Anchoring Communities: How to Combat Displacement Through,google_docs,,critical-frequency,1
arXiv:2307.08511v1 [cs.SI] 17 Jul 2023,pdf,https://arxiv.org/pdf/2307.08511,critical-frequency,1
Behavioral health carve‐outs: Do they impede access or,web_page,https://pmc.ncbi.nlm.nih.gov/articles/PMC8522558/,critical-frequency,1
Behavioral Health Integration in Medicaid Managed Care,web_page,https://www.chcs.org/resource/behavioral-health-integration-in-medicaid-managed-care/,critical-frequency,1
Best Mental Health Apps: Top 10 Picks for 2026,web_page,https://shitshirt.club/blogs/news/best-mental-health-apps-2026,critical-frequency,1
Beyond The Fade - Melanin Moods C.I.C,web_page,https://www.melaninmoodscic.co.uk/beyond-the-fade,critical-frequency,1
Beyond the Plantation Economy: How Alabama Can Benefit,google_docs,,critical-frequency,1
Birmingham Inclusion Health Grant Programme 2026,web_page,https://www.birmingham.gov.uk/download/downloads/id/31417/birmingham_inclusion_health_grant_programme_2026_webinar_presentation.pdf,critical-frequency,1
Black and minority ethnic men who have sex with men Project,pdf,https://assets.publishing.service.gov.uk/media/5a80e133ed915d74e6230f8f/BlackandminorityethnicmenwhohavesexwithmenProjectevaluationandsystematicreview.pdf,critical-frequency,1
Black Beetle Health,web_page,https://blackbeetlehealth.co.uk/,critical-frequency,1
Black Health Inequalities Summit 2026 | Stall Booking,web_page,https://portal.cahn.org.uk/blackhealthsummitstall,critical-frequency,1
Black History Month 2025 | Mental Health Foundation,web_page,https://www.mentalhealth.org.uk/BHM,critical-frequency,1
Black LGBTQ+ signposting | Student Minds,pdf,https://www.studentminds.org.uk/wp-content/uploads/2025/07/Black-LGBTQ-signposting.pdf,critical-frequency,1
Black Maternal Health Conference UK 2026 - The Motherhood,web_page,https://themotherhoodgroup.org/bmhcuk26/,critical-frequency,1
Black Maternal Health Conference UK 2026 | The Motherhood,web_page,https://www.eventbrite.co.uk/e/black-maternal-health-conference-uk-2026-the-motherhood-group-tickets-1976433032404,critical-frequency,1
Black men's mental health - Care Quality Commission,web_page,https://www.cqc.org.uk/publications/major-report/state-care/2024-2025/focus/bmmh,black-mens-mh,6
Black Mental Health Conference 2026 - Zeffy,web_page,https://www.zeffy.com/en-US/ticketing/black-mental-health-conference--2026,critical-frequency,1
Black Mental Health Resources (Feb 2026) | NYC OCMH,web_page,https://mentalhealth.cityofnewyork.us/sdm_downloads/black-mental-health-resources-nyc,critical-frequency,1
Black Mental Health Village,web_page,https://www.bmhv.org/,critical-frequency,1
Black Mental Health Week: LIVE podcast - Black Queer Youth,web_page,https://www.blackqueeryouthcollective.org/black-mental-health-week-2026,critical-frequency,1
Black Minds Matter UK | Empower Your Mental Health Today,web_page,https://www.blackmindsmatteruk.com/,black-mens-mh,6
Black_Men_On_The_Couch_.pdf,google_spreadsheet,,uk-mh-brief,1
BLKOUT Community Platform - BLKOUTUK.com,web_page,https://blkoutuk.com/movement,critical-frequency,1
BLKOUT Community Platform - BlkOutUK.com,web_page,https://blkoutuk.com/about,critical-frequency,1
"BLKOUT Mental Health Campaign: Without community, there is no",web_page,https://mental-health.blkoutuk.com/,critical-frequency,1
BLKOUT NXT PROPOSALS,google_docs,,uk-mh-brief,1
BLKOUT UK: The Vanguard Protocol,web_page,https://critical.blkoutuk.com,critical-frequency,1
blkoutnxt editorial blogposts,google_docs,,uk-mh-brief,1
BlkOutUK.com,web_page,https://blkoutuk.com/,critical-frequency,1
boiler-room-application-form.md,markdown,,cf-fundraising,1
bpls.org.uk,web_page,https://bpls.org.uk/,critical-frequency,1
Breathe846 for Nesta.docx,google_spreadsheet,,uk-mh-brief,1
Brief guide: Patient and carer race equality framework,web_page,https://www.cqc.org.uk/guidance-providers/nhs-trusts/brief-guides-inspection-teams/pcref,black-mens-mh,6
Building Economic Democracy Through Community-Owned Real,google_docs,,critical-frequency,1
Carve-In Models for Specialty Behavioral Health Services in,pdf,https://www.rand.org/content/dam/rand/pubs/research_reports/RRA1500/RRA1517-1/RAND_RRA1517-1.pdf,critical-frequency,1
"Census 2021 gender identity estimates for England and Wales,",web_page,https://www.ons.gov.uk/peoplepopulationandcommunity/culturalidentity/genderidentity/articles/census2021genderidentityestimatesforenglandandwalesadditionalguidanceonuncertaintyandappropriateuse/2025-03-26,critical-frequency,1
Census 2021 results: Gender identity and sexual orientation,pdf,https://www.southwark.gov.uk/sites/default/files/2025-02/census_2021_profile_-_gender_identity_sexual_orientation_20240311.pptx.pdf,critical-frequency,1
Centola on Perplexity,markdown,,critical-frequency,1
Change – Admired Leadership,web_page,https://admiredleadership.com/book-summaries/change/,critical-frequency,1
Change: How to Make Big Things Happen - Senteo,web_page,https://senteo.net/reviews/change-how-to-make-big-things-happen/,critical-frequency,1
"Change: How to Make Big Things Happen, by Damon Centola, 2021",web_page,https://alistairsmithlearning.com/book_reviews/change-how-to-make-big-things-happen-by-damon-centola-2021/,critical-frequency,1
Coalition Challenges OpenAI’s Nonprofit Governance,google_docs,,critical-frequency,1
Collaborative mental health care: A narrative review - PMC -,web_page,https://pmc.ncbi.nlm.nih.gov/articles/PMC9803502/,critical-frequency,1
Community Action Fund - UK Black Pride,web_page,https://www.ukblackpride.org.uk/community-action-fund,critical-frequency,1
Community Groups - Birmingham LGBT,web_page,https://blgbt.org/community-groups/,critical-frequency,1
Community Researcher application Japhet A. KImbika,google_spreadsheet,,uk-mh-brief,1
Complex contagion - Wikipedia,web_page,https://en.wikipedia.org/wiki/Complex_contagion,critical-frequency,1
Complex Contagion and the Weakness of Long Ties - MIT,pdf,http://web.mit.edu/econsocseminar/www/WLT_final.pdf,critical-frequency,1
"Complex Contagions: A Decade in Review Douglas Guilbeault, Joshua",pdf,https://arxiv.org/pdf/1710.07606,critical-frequency,1
Congress gallery | Healthy City Design International,web_page,https://www.healthycitydesign.global/programme/congress-gallery/2024-congress-gallery/evening-networking-dinner-photos,critical-frequency,1
Cost of living increase in the UK and impact on mental health,web_page,https://mentalhealthinnovations.org/news-and-information/reports-and-research/cost-of-living-crisis/Cost-of-living-increase-in-the-UK-and-impact-on-mental-health/,black-mens-mh,5
Cost-of-living crisis impacted Black health – study - ARU,web_page,https://www.aru.ac.uk/news/cost-of-living-crisis-impacted-black-health-study,black-mens-mh,6
Counseling Model Research Articles - Page 1 | R Discovery,web_page,https://discovery.researcher.life/topic/models-of-counselling/12015992?page=1&topic_name=Models%20Of%20Counselling,critical-frequency,1
Critical Frequency - Summary,google_docs,,uk-mh-brief,1
Critical Frequency — Webinar Script (25 Mar 2026),google_docs,,uk-mh-brief,1
critical-frequency-teleprompter-scripts-v2.md,markdown,,critical-frequency,1
critical_frequency_partnership.md,markdown,,critical-frequency,1
Culture and attitudes toward psychological help-seeking,web_page,https://discovery.researcher.life/article/culture-and-attitudes-toward-psychological-help-seeking-influence-clients-self-disclosure/a3b8802c5dd3358ea473695d771fceba,critical-frequency,1
Defining Population Health: Leveraging Advisory Board,web_page,https://www.ingentaconnect.com/contentone/aupha/jhae/2017/00000034/00000001/art00002?crawler=true,critical-frequency,1
"Defining the Scope of Prevention - Preventing Mental,",web_page,https://www.ncbi.nlm.nih.gov/books/NBK32789/,critical-frequency,1
Detentions: differences between groups of people - NHS,web_page,https://digital.nhs.uk/data-and-information/publications/statistical/mental-health-act-statistics-annual-figures/2024-25-annual-figures/detentions-differences-between-groups-of-people,black-mens-mh,6
Discrimination and Health Outcomes in England's Black Communities,pdf,https://docs.iza.org/dp17341.pdf,uk-mh-brief,1
DRAFT - A Community Prescribes,google_docs,,uk-mh-brief,1
DRAFT - Imagine lives transformed,google_docs,,uk-mh-brief,1
DRAFT - Who are the UK's Black Queer Men?,google_docs,,uk-mh-brief,1
DRAFT Systems Change for Black Queer Mental Health,google_docs,,uk-mh-brief,1
DRAFT The Evidence for Mental Health Reparations,google_docs,,uk-mh-brief,1
East London NHS Foundation Trust - Patient and Carer Race Equality,pdf,https://www.elft.nhs.uk/sites/default/files/2026-03/ELFT%20PCREF%20Action%20Plan%202025.26%20%283%29.pdf,black-mens-mh,6
Economic Stability | Prepare Your Health - CDC,web_page,https://www.cdc.gov/prepyourhealth/discussionguides/economicstability.htm,critical-frequency,1
Ethnic differences in life expectancy and mortality from,web_page,https://www.ons.gov.uk/peoplepopulationandcommunity/birthsdeathsandmarriages/lifeexpectancies/articles/ethnicdifferencesinlifeexpectancyandmortalityfromselectedcausesinenglandandwales/2011to2014,critical-frequency,1
"Ethnic group by age and sex, England and Wales: Census 2021",web_page,https://www.ons.gov.uk/peoplepopulationandcommunity/culturalidentity/ethnicity/articles/ethnicgroupbyageandsexenglandandwales/census2021,critical-frequency,1
Ethnic group by sex by age - Office for National Statistics,web_page,https://www.ons.gov.uk/datasets/RM032,critical-frequency,1
"Ethnic group differences in health, employment, education and",web_page,https://www.ons.gov.uk/peoplepopulationandcommunity/culturalidentity/ethnicity/articles/ethnicgroupdifferencesinhealthemploymenteducationandhousingshowninenglandandwalescensus2021/2023-03-15,critical-frequency,1
Ethnic inequalities in all-cause mortality in the UK: the,web_page,https://pmc.ncbi.nlm.nih.gov/articles/PMC12648959/,critical-frequency,1
"Ethnic minority inequalities in sexual health amongst gay,",pdf,https://bhiva.org/wp-content/uploads/2024/10/P340.pdf,critical-frequency,1
Ethnicity - Office for National Statistics,web_page,https://www.ons.gov.uk/peoplepopulationandcommunity/culturalidentity/ethnicity,critical-frequency,1
Ethnicity Recording Improvement Plan - NHS England,web_page,https://www.england.nhs.uk/long-read/ethnicity-recording-improvement-plan/,critical-frequency,1
"Events for April 20, 2026 › Upcoming Event › - Inspire Black",web_page,https://www.inspireblackhealth.london/events/category/upcoming-event/day/2026-04-20/,critical-frequency,1
EXECUTIVE-VERSION-MENTAL-HEALTH-PROPOSAL.md,markdown,,critical-frequency,1
Exploring Associations between Social Determinants of Health,web_page,https://pmc.ncbi.nlm.nih.gov/articles/PMC9589479/,critical-frequency,1
F #BeeWell: the state of young people's wellbeing in England -,pdf,https://www.smf.co.uk/wp-content/uploads/2025/04/The-state-of-young-peoples-wellbeing-in-England-1.pdf,uk-mh-brief,1
Fact Sheet: Understanding Promotion of Healthy Behavior and ...,pdf,https://mhanational.org/wp-content/uploads/2025/03/Promotion-Prevention-Fact-Sheet.pdf,critical-frequency,1
FINAL Digital UK Youth Parliament Manifesto 2024-2026,pdf,https://nya.org.uk/wp-content/uploads/2025/02/UK-Youth-Parliament-Manifesto-2024-2026-FINAL-DIGITAL.pdf,critical-frequency,1
Findings from the Online Inclusive Data Consultation - UK,pdf,https://uksa.statisticsauthority.gov.uk/wp-content/uploads/2021/09/1618-Inclusive-Data-Taskforce-Online-Consultation-web-v1-00.pdf,critical-frequency,1
For Your Information: Internews Strategy 2024-2026,web_page,https://internews.org/wp-content/uploads/2024/03/InternewsStrategy-FYI-2024.pdf,critical-frequency,1
Freedom Dreams and Care: A New Vision for Black Male,google_docs,,critical-frequency,1
Friendship Bench | Community-Based Mental Health Care,web_page,https://www.friendshipbench.org/,critical-frequency,1
Friendship Bench | Prevention Collaborative,pdf,https://prevention-collaborative.org/wp-content/uploads/2024/05/3_Ps-Friendship-bench.pdf,critical-frequency,1
Friendship Bench: a community led approach to mental health,web_page,https://www.kcl.ac.uk/news/spotlight/friendship-bench-community-led-approach-to-mental-health-care,critical-frequency,1
From isolation to inclusion: community-based mental health,web_page,https://www.who.int/news-room/commentaries/detail/from-isolation-to-inclusion---community-based-mental-health-care,critical-frequency,1
From mental health detention to health systems reform:,web_page,https://pmc.ncbi.nlm.nih.gov/articles/PMC12798615/,black-mens-mh,6
Gender identity by ethnic group - Office for National,web_page,https://www.ons.gov.uk/datasets/RM038/editions/2021/versions/1,critical-frequency,1
Gender identity by ethnic group - Office for National,web_page,https://www.ons.gov.uk/datasets/RM038,critical-frequency,1
Global burden and trends of major mental disorders in,web_page,https://pmc.ncbi.nlm.nih.gov/articles/PMC12481897/,critical-frequency,1
Global Economic Prospects -- June 2026 - Open Knowledge Repository,pdf,https://openknowledge.worldbank.org/bitstreams/83af07a6-d724-4797-bc2c-c85dace8f8d6/download,uk-mh-brief,1
GROWING THE GRASSROOTS | Centre for Mental Health,pdf,https://www.centreformentalhealth.org.uk/wp-content/uploads/2025/06/CentreforMH_GrowingTheGrassroots.pdf,black-mens-mh,6
Health - GOV.UK,web_page,https://www.gov.uk/government/publications/the-report-of-the-commission-on-race-and-ethnic-disparities/health,critical-frequency,1
Health inequalities - Office for National Statistics,web_page,https://www.ons.gov.uk/peoplepopulationandcommunity/healthandsocialcare/healthinequalities,critical-frequency,1
Health Inequalities Annual Report for 2024/25,web_page,https://www.cntw.nhs.uk/about/health-inequalities/health-inequalities-annual-report-2024-25/,black-mens-mh,6
"Health Survey England Additional Analyses, Ethnicity and",web_page,https://digital.nhs.uk/data-and-information/publications/statistical/health-survey-england-additional-analyses/ethnicity-and-health-2011-2019-experimental-statistics,critical-frequency,1
"Healthy life expectancy, UK: between 2011 to 2013 and 2022 to",web_page,https://www.ons.gov.uk/peoplepopulationandcommunity/healthandsocialcare/healthandlifeexpectancies/bulletins/healthstatelifeexpectanciesuk/between2011to2013and2022to2024,uk-mh-brief,1
Help for mental health problems if you're LGBTQ+ - NHS,web_page,https://www.nhs.uk/mental-health/advice-for-life-situations-and-events/mental-health-support-if-you-are-gay-lesbian-bisexual-lgbtq/,uk-mh-brief,1
hf-project-enquiry.md,markdown,,cf-fundraising,1
Housing Instability - Healthy People 2030 | odphp.health.gov,web_page,https://odphp.health.gov/healthypeople/priority-areas/social-determinants-health/literature-summaries/housing-instability,critical-frequency,1
How Behavior Spreads: The Science of Complex Contagions by Damon,pdf,https://ndg.asc.upenn.edu/wp-content/uploads/2020/03/AJS-HBS-Review.pdf,critical-frequency,1
How Behaviour Spreads: Applying the science of complex,web_page,https://adam-robbins.com/2020/08/29/how-behaviour-spreads-applying-the-science-of-complex-contagions-to-cpd/,critical-frequency,1
How Black Women in the South Are Protecting Each Other in,google_docs,,critical-frequency,1
How Climate Instability and Extreme Heat Could Upend High,google_docs,,critical-frequency,1
How Collaborative Care Models Improve Mental Health Outcomes,web_page,https://www.healthviewx.com/how-collaborative-care-models-improve-mental-health-outcomes-in-the-us/,critical-frequency,1
How To Build Solidarity Infrastructure for the Long Haul,google_docs,,critical-frequency,1
How to Fund Like a Narrative Strategist,google_docs,,critical-frequency,1
How to Use Art Spaces to Build Civic and Political Power,google_docs,,critical-frequency,1
HSC0027 - Evidence on Health and social care and LGBT communities,pdf,https://committees.parliament.uk/writtenevidence/95596/pdf/,critical-frequency,1
Immigrant Media Is a Community Building Project,google_docs,,critical-frequency,1
Impact on Society Inequalities experienced by LGBTQ+ groups - UK,pdf,https://covid19.public-inquiry.uk/wp-content/uploads/2026/02/23183712/INQ000657973.pdf,black-mens-mh,5
Implementation of the Patient and Carer Race Equality,web_page,https://www.combined.nhs.uk/about/inclusion-and-belonging/implementation-of-the-patient-and-carer-race-equality-framework-pcref/,black-mens-mh,6
Improving mental health care for Black men - Health Equity ...,pdf,https://www.heec.co.uk/wp-content/uploads/2025/10/BMMH-brief.pdf,black-mens-mh,6
Improving Population Health: Ideas and Action,pdf,https://uwphi.pophealth.wisc.edu/wp-content/uploads/sites/316/2018/03/blog-collection-final-2014-04-05.pdf,critical-frequency,1
"In a Tougher 2025, Black Communities Are Fighting for Mental",web_page,https://www.flinnfoundation.org/tougher-times-black-communities-access-to-mental-health-care/,black-mens-mh,5
"In Los Angeles, a Black-Led Community Land Trust Builds",google_docs,,critical-frequency,1
"In the Face of Authoritarianism, Connection Is Resistance",google_docs,,critical-frequency,1
Inclusive data taskforce Recommendations report Leaving no one,pdf,https://uksa.statisticsauthority.gov.uk/wp-content/uploads/2021/09/1618-Inclusive-Data-Taskforce-Recommendation-Report-web-v1-00.pdf,critical-frequency,1
Inclusive Data Taskforce recommendations report: Leaving no,web_page,https://uksa.statisticsauthority.gov.uk/publication/inclusive-data-taskforce-recommendations-report-leaving-no-one-behind-how-can-we-be-more-inclusive-in-our-data/pages/3/,critical-frequency,1
Increasing access to culturally sensitive mental health and,web_page,https://urbanhealth.org.uk/partnerships/current-partnerships/culturally-sensitive-mental-health-support,critical-frequency,1
Indiana Slashes Teacher Education Degrees amid a National,google_docs,,critical-frequency,1
Indicative Estimate MHA Detentions & Black Queer Men,google_docs,,uk-mh-brief,1
Indicators :: Income Inequality - Think Health St. Louis,web_page,https://www.thinkhealthstl.org/indicators/index/view?indicatorId=288&localeTypeId=2,critical-frequency,1
Inequalities in good health by ethnicity - The Health,web_page,https://www.health.org.uk/evidence-hub/health-inequalities/inequalities-in-good-health-by-ethnicity,critical-frequency,1
Information as Civic Infrastructure—and How Philanthropy,google_docs,,critical-frequency,1
Intersectional Disparities in Digital Health and Mental,web_page,https://pmc.ncbi.nlm.nih.gov/articles/PMC12603589/,black-mens-mh,5
Intersectionality and Health Inequities for Gender Minority,web_page,https://pmc.ncbi.nlm.nih.gov/articles/PMC7577994/,critical-frequency,1
Intersectionality Data for Development Impact - Open Data,web_page,https://opendatawatch.com/publications/intersectionality-data-for-development-impact/,critical-frequency,1
"Intersections of sexual orientation, gender identity, and",web_page,https://pmc.ncbi.nlm.nih.gov/articles/PMC12519530/,critical-frequency,1
Introducing The Salon by BLKOUT,google_slides,,uk-mh-brief,1
Ivor-Cummings-Heritage-Proposal.docx,google_spreadsheet,,uk-mh-brief,1
Joie De Vivre Ventures Community Interest Company -,web_page,https://birmingham.connecttosupport.org/search/directory-search/?id=8c233a30-4dd1-4531-939c-b31000c8bea8&returnUrl=https%3A%2F%2Fbirmingham.connecttosupport.org%2Fsearch%3FsearchTab%3DdirectorySearchTab%26templateId%3Ded1953b8-7e46-4ccd-b327-abb20091d7f4%26sortOption%3DRank%253Basc%26pageNumber%3D101%26pageSize%3D10%26distance%3D1609,critical-frequency,1
Journalism Is a Catalyst for Change—and a Critical,google_docs,,critical-frequency,1
Kalda | The LGBTQIA+ Self-Therapy App,web_page,https://www.kalda.co/,critical-frequency,1
"Keith J. Watts, Ph.D., MSW Curriculum Vitae",web_page,https://medicine.uky.edu/sites/default/files/inline-files/Keith%20J.%20Watts%20Vita%20%28August%202025%29.pdf,critical-frequency,1
Learn About the Collaborative Care Model - American,web_page,https://www.psychiatry.org/psychiatrists/practice/professional-interests/collaborative-care/learn,critical-frequency,1
Learning from Histories of Queer Resistance,google_docs,,critical-frequency,1
Learning to Share Power: Diving into the History of,google_docs,,critical-frequency,1
Let's Look After Each Other: - LGB Alliance,pdf,https://lgballiance.org.uk/wp-content/uploads/2025/09/Lets-Look-After-Each-Other-Chemsex-Report.pdf,uk-mh-brief,1
Leveraging Technology to Improve Patient Outcomes in Mental,web_page,https://mend.com/resource/leveraging-technology-to-improve-patient-outcomes-in-mental-and-behavioral-health/,critical-frequency,1
LGA response to DHSC's call for evidence: Men's Health,web_page,https://www.local.gov.uk/parliament/briefings-and-responses/lga-response-dhscs-call-evidence-mens-health-strategy-england,black-mens-mh,6
LGBT Foundation Impact Report 2024 – 2025,web_page,https://lgbt.foundation/lgbt-foundation-impact-report-2024-2025/,critical-frequency;uk-mh-brief,2
LGBT Foundation – The UK's leading health and wellbeing,web_page,https://lgbt.foundation/,black-mens-mh;critical-frequency,6
LGBT in Britain - Health (2018) | Stonewall UK,web_page,https://www.stonewall.org.uk/resources/lgbt-britain-health-2018,uk-mh-brief,1
LGBT+ mental health - Rethink Mental Illness,web_page,https://www.rethink.org/advice-and-information/living-with-mental-illness/lgbtplus-mental-health/lgbtplus-mental-health/,black-mens-mh,6
LGBTIQ+ people: statistics | Mental Health Foundation,web_page,https://www.mentalhealth.org.uk/explore-mental-health/statistics/lgbtiq-people-statistics,black-mens-mh,5
"LGBTQ meditation retreat in South Devon, UK - LEARN MORE -",web_page,https://www.sharphamtrust.org/mindfulness-retreats/details/lgbtq-meditation-retreat,critical-frequency,1
LGBTQ+ PATIENT EXPERIENCES IN PRIMARY CARE GP UPDATE - LGBT,pdf,https://lgbt.foundation/wp-content/uploads/2023/10/LGBTQ-Patient-Experiences-in-Primary-Care.pdf,uk-mh-brief,1
LGBTQ+ Student Mental Health:,pdf,https://hub.studentminds.org.uk/wp-content/uploads/2025/02/180730_lgbtq_report_final.pdf,critical-frequency,1
MD2984 Pride in London 2023-2027,web_page,https://www.london.gov.uk/who-we-are/governance-and-spending/promoting-good-governance/decision-making/mayoral-decisions/md2984-pride-london-2023-2027,critical-frequency,1
Meet Our 2024-2026 Community Grantees - Pride Foundation,web_page,https://pridefoundation.org/2025/02/meet-our-2024-2026-community-grantees/,critical-frequency,1
Melanin Moods C.I.C,web_page,https://www.melaninmoodscic.co.uk/,critical-frequency,1
Melanin Moods Events - 1 Upcoming Activities and Tickets |,web_page,https://www.eventbrite.co.uk/o/melanin-moods-75504909343,critical-frequency,1
Men to get better health support through innovative,web_page,https://www.gov.uk/government/news/men-to-get-better-health-support-through-innovative-partnership,uk-mh-brief,1
Men's Health Strategy for England - GOV.UK,web_page,https://www.gov.uk/government/publications/mens-health-strategy-for-england,uk-mh-brief,1
Men's Health Strategy for England - Hansard,web_page,https://hansard.parliament.uk/commons/2025-11-19/debates/25111932000017/Men%E2%80%99SHealthStrategyForEngland,uk-mh-brief,1
Men's Health Strategy for England call for evidence: summary,web_page,https://www.gov.uk/government/calls-for-evidence/mens-health-strategy-for-england-call-for-evidence/outcome/mens-health-strategy-for-england-call-for-evidence-summary-report,black-mens-mh,6
Men's health: a strategic vision for England (accessible,web_page,https://www.gov.uk/government/publications/mens-health-strategy-for-england/mens-health-a-strategic-vision-for-england-accessible-version,black-mens-mh,5
Men's health: a strategic vision for England | CP 1432 - GOV.UK,pdf,https://assets.publishing.service.gov.uk/media/69400f3b5cc812f50aa421df/mens-health-a-strategic-vision-for-england.pdf,uk-mh-brief,1
Mental Health - Our World in Data,web_page,https://ourworldindata.org/mental-health,critical-frequency,1
Mental Health Bill (England and Wales) receives Royal Assent,web_page,https://www.rcpsych.ac.uk/news-and-features/latest-news/detail/2026/01/14/mental-health-bill-(england-and-wales)-receives-royal-assent,black-mens-mh,6
Mental Health Bill gains Royal Assent – Mental Health Act,web_page,https://www.bevanbrittan.com/insights/articles/2025/mental-health-bill-gains-royal-assent-mental-health-act-2025/,black-mens-mh,5
"Mental Health Bill receives Royal Assent, revolutionising",web_page,https://www.gov.uk/government/news/mental-health-bill-receives-royal-assent-revolutionising-care,black-mens-mh,6
Mental Health Funding is Falling-Black Communities Will,web_page,https://blackthrive.org/mental-health-funding-is-falling-black-communities-will-suffer-the-most/,black-mens-mh,6
Mental health patients with nowhere to go costs NHS £71m -,web_page,https://www.catalyst4change.org.uk/mental-health-patients-with-nowhere-to-go-cost-nhs-71m-in-england-report-finds,black-mens-mh,5
Mental Health Resources for Black people and PoC - ILPA,web_page,https://ilpa.org.uk/members-area/working-groups/well-being-new/well-being-resource-hub/mental-health-resources-for-black-people-and-poc/,black-mens-mh;critical-frequency,7
Mental health resources for the LGBTQ+ community - AKT,web_page,https://www.akt.org.uk/resources/mental-health-resources-for-the-lgbtq-community/,critical-frequency,1
Mental health statistics UK 2026 - Priory,web_page,https://www.priorygroup.com/mental-health/mental-health-statistics,black-mens-mh,6
Mental Health Workforce Inequities Across Income Levels:,web_page,https://pmc.ncbi.nlm.nih.gov/articles/PMC12182244/,critical-frequency,1
mental health/sud parity - Legislative Analysis and Public Policy,pdf,https://legislativeanalysis.org/wp-content/uploads/2025/08/Parity-Fact-Sheet-1.pdf,critical-frequency,1
mental-health-reparations-briefing.md,markdown,,critical-frequency,1
Mentally Healthy Communities grants scheme - Birmingham City,web_page,https://www.birmingham.gov.uk/info/50265/supporting_healthier_communities/3132/mentally_healthy_communities_grants_scheme,critical-frequency,1
Mind's Big Mental Health Report,web_page,https://cornwallmind.org/news/minds-big-mental-health-report/,black-mens-mh,5
MindOut | Mental Health Charity for LGBTQ community,web_page,https://mindout.org.uk/,black-mens-mh;critical-frequency,6
Monitoring the Mental Health Act in 2024 to 2025 - GOV.UK,pdf,https://assets.publishing.service.gov.uk/media/697a3384c23c8fa26650dee5/cqc-monitoring-the-mental-health-act-in-2024-to-2025.pdf,uk-mh-brief,1
National life tables – life expectancy in the UK: 2022 to,web_page,https://www.ons.gov.uk/peoplepopulationandcommunity/birthsdeathsandmarriages/lifeexpectancies/bulletins/nationallifetablesunitedkingdom/2022to2024,critical-frequency,1
National Resources | Qalliance,web_page,https://www.qalliance.org.uk/national-resources,critical-frequency,1
Negative mental health effects of rising cost-of-living,web_page,https://www.mentalhealth.org.uk/explore-mental-health/blogs/negative-mental-health-effects-rising-cost-living,black-mens-mh,5
New Birmingham foundation lets residents vote on which,web_page,https://bhamnow.com/2026/03/11/new-birmingham-foundation-lets-residents-vote-on-which-community-ideas-get-funded/,critical-frequency,1
New Study Offers Insight on Impact of Masculinity on the,web_page,https://research.uky.edu/news/new-study-offers-insight-on-impact-masculinity-on-mental-health-gay-black-men,black-mens-mh,6
NHS – Race and Health Observatory,web_page,https://www.nhsrho.org/,black-mens-mh,1
No More Silence - NAZ Project London,web_page,https://www.naz.org.uk/nomoresilence,critical-frequency,1
"Older LGBT+ adults: Health inequalities, good practice guidance",pdf,https://www.yhphnetwork.co.uk/media/97517/westwood-phe-july-2021-r.pdf,uk-mh-brief,1
One Voice Tone - Sheet1,google_spreadsheet,,uk-mh-brief,1
ONE-PAGE-SUMMARY.md,markdown,,critical-frequency,1
ONS Findings Make It Clear: Urgent Action Needed to Address,web_page,https://lgbt.foundation/ons-findings/,critical-frequency,1
Opportunities - Young Poets Network - The Poetry Society,web_page,https://ypn.poetrysociety.org.uk/poetry-opportunities/,critical-frequency,1
Other Resources - PFLAG Oakland East Bay,web_page,https://pflag-eastbay.org/other-resources/,critical-frequency,1
Our mission — UK Black Pride,web_page,https://www.ukblackpride.org.uk/our-mission,critical-frequency,1
Out with Prostate Cancer: Homepage,web_page,https://outwithprostatecancer.org.uk/,uk-mh-brief,1
Page not found | Mental Health Foundation,web_page,https://www.mentalhealth.org.uk/explore-mental-health/statistics/black-asian-minority-ethnic-bame-communities-statistics,black-mens-mh,1
Palestine at the Center: Donor Organizing as Movement,google_docs,,critical-frequency,1
Pasted Text,markdown,,critical-frequency;uk-mh-brief,3
Patient and Carer Race Equality Framework (PCREF) - South,web_page,https://slam.nhs.uk/PCREF,black-mens-mh,6
Patient and Carer Race Equality Framework (PCREF) Overview V2,pdf,https://www.leicspart.nhs.uk/wp-content/uploads/2026/03/Patient-and-Carer-Race-Equality-Framework-PCREF-Overview-V2.pdf,black-mens-mh,6
Patient and Carer Race Equality Framework (PCREF) | NELFT,web_page,https://www.nelft.nhs.uk/patient-and-carer-race-equality-framework/,black-mens-mh,6
Patient and Carer Race Equality Framework - Avon and,web_page,https://www.awp.nhs.uk/edi/patient-and-carer-race-equality-framework,black-mens-mh,6
Patient and carer race equality framework - NHS England,web_page,https://www.england.nhs.uk/mental-health/advancing-mental-health-equalities/pcref/,uk-mh-brief,1
Patient Carer Race Equality Framework action plan 2024-2027,web_page,https://www.sheffieldpartnership.nhs.uk/patient-carer-race-equality-framework-action-plan-2024-2027,black-mens-mh,6
Peer Support - Shades of Motherhood Network,web_page,https://www.theshadesofmotherhoodnetwork.org/about-5,critical-frequency,1
Population health and public health: Commonalities and,web_page,https://pmc.ncbi.nlm.nih.gov/articles/PMC11927948/,critical-frequency,1
Population Health Management Software & Tools | Netsmart,web_page,https://www.ntst.com/solutions/by-capability/population-health-management,critical-frequency,1
Population Health Management Solutions - Gainwell,web_page,https://www.gainwelltechnologies.com/solutions/population-health/,critical-frequency,1
Population Health: What Is It and Why Is It Important? |,web_page,https://online.umn.edu/story/population-health-what-it-and-why-it-important,critical-frequency,1
Population-level effectiveness of alternative approaches to,web_page,https://pmc.ncbi.nlm.nih.gov/articles/PMC10652005/,critical-frequency,1
Positive Futures for Young People Fund 2024-26 (LGBTQ+),pdf,https://services.southwark.gov.uk/assets/attach/263204/Positive-Futures-for-Young-People-Fund-2024-26-LGBTQ-Commissioning-Framework-and-Grant-Specification.pdf,critical-frequency,1
Pride in Place Impact Fund: grant determinations 2025 to,web_page,https://www.gov.uk/government/publications/pride-in-place-impact-fund/pride-in-place-impact-fund-grant-determinations-2025-to-2026,critical-frequency,1
Quantifying health inequalities in England - The Health,web_page,https://www.health.org.uk/reports-and-analysis/analysis/quantifying-health-inequalities-in-england,critical-frequency,1
Queer Art with Monica Mills by Over the Rainbow - Spotify,web_page,https://creators.spotify.com/pod/profile/over-the-rainbow-pod/episodes/Queer-Art-with-Monica-Mills-e1jufhr,critical-frequency,1
"Racial-ethnic, gender identity, and sexual orientation",web_page,https://pmc.ncbi.nlm.nih.gov/articles/PMC10407278/,critical-frequency,1
Racism and mental health | Mind,web_page,https://www.mind.org.uk/information-support/tips-for-everyday-living/racism-and-mental-health/,black-mens-mh,1
Rainbow Sangha - Plum Village UK,web_page,https://plumvillage.uk/practice-groups/find-a-group/rainbow-sangha/,critical-frequency,1
Regional and Local Inequalities in Disability Status by,web_page,https://pmc.ncbi.nlm.nih.gov/articles/PMC11060336/,critical-frequency,1
Regular groups - London LGBTQ Community Centre,web_page,https://londonlgbtqcentre.org/regular-groups/,critical-frequency,1
Report | Student mental health in 2024: How the situation is,web_page,https://taso.org.uk/libraryitem/report-student-mental-health-in-2024-how-the-situation-is-changing-for-lgbtq-students/,black-mens-mh;critical-frequency,6
Search results | Birmingham Connect to Support,web_page,https://birmingham.connecttosupport.org/search/?searchTab=directorySearchTab&templateId=ed1953b8-7e46-4ccd-b327-abb20091d7f4&sortOption=Rank%3Basc&pageNumber=106&pageSize=10&distance=1609,critical-frequency,1
Seeing is believing? Unique capabilities of internet-only,web_page,https://pmc.ncbi.nlm.nih.gov/articles/PMC6880799/,critical-frequency,1
seen-kitchen-seasons-approach.md,markdown,,cf-fundraising,1
Sexual health for gay and bisexual men - NHS,web_page,https://www.nhs.uk/live-well/sexual-health/sexual-health-for-gay-and-bisexual-men/,uk-mh-brief,1
Sexual orientation and gender identity differences in,web_page,https://www.gov.wales/sexual-orientation-and-gender-identity-differences-health-education-and-economic-status-census-2021-html,critical-frequency,1
Sexual orientation and gender identity quality information,web_page,https://www.ons.gov.uk/peoplepopulationandcommunity/culturalidentity/sexuality/methodologies/sexualorientationandgenderidentityqualityinformationforcensus2021,critical-frequency,1
Sexual orientation and gender identity: Census 2021 in,web_page,https://www.reddit.com/r/ukpolitics/comments/104q36w/sexual_orientation_and_gender_identity_census/,critical-frequency,1
Sexual orientation variable: Census 2021 - Office for,web_page,https://www.ons.gov.uk/census/census2021dictionary/variablesbytopic/sexualorientationandgenderidentityvariablescensus2021/sexualorientation,critical-frequency,1
"Sexual orientation, England and Wales: Census 2021 - Office",web_page,https://www.ons.gov.uk/peoplepopulationandcommunity/culturalidentity/sexuality/bulletins/sexualorientationenglandandwales/census2021,critical-frequency,1
"Sexual orientation, further personal characteristics,",web_page,https://www.ons.gov.uk/peoplepopulationandcommunity/culturalidentity/sexuality/articles/sexualorientationfurtherpersonalcharacteristicsenglandandwales/census2021,critical-frequency,1
Shaping social norms with the 25% rule - Learning Loop,web_page,https://learningloop.io/blog/25-percent-rule-social-norms,critical-frequency,1
Social determinants of health and long‐term conditions in,web_page,https://pmc.ncbi.nlm.nih.gov/articles/PMC11046702/,critical-frequency,1
Social Determinants of Mental Health - American Psychiatric,web_page,https://www.psychiatry.org/psychiatrists/diversity/education/social-determinants-of-mental-health,critical-frequency,1
Social Determinants of Mental Health: Economic Stability -,web_page,https://www.psychiatry.org/psychiatrists/diversity/education/social-determinants-of-mental-health/economic-stability,critical-frequency,1
Sources of support - TransActual,web_page,https://transactual.org.uk/transorgs/,critical-frequency,1
SPECIAL TOPIC Measuring Population Health Outcomes - CDC,web_page,https://www.cdc.gov/pcd/issues/2010/jul/10_0005.htm,critical-frequency,1
Student mental health in 2024: - TASO,pdf,https://cdn.taso.org.uk/wp-content/uploads/2025-02-20_Student-mental-health-in-2024-How-the-situation-is-changing-for-LGBTQ-students_TASO.pdf,black-mens-mh;uk-mh-brief,6
Summer blockbusters box office 2026: list of best movies to,web_page,https://www.fastcompany.com/91554256/summer-blockbusters-box-office-2026-list-best-movies-to-see,uk-mh-brief,1
Synergi Collaborative Centre,web_page,https://synergicollaborativecentre.co.uk/,black-mens-mh,1
THE 10 BEST Black Men's Retreat in United Kingdom for 2026 -,web_page,https://bookretreats.com/s/other-retreats/black-mens-retreat/united-kingdom,critical-frequency,1
The association between income inequality and adult mental,web_page,https://pmc.ncbi.nlm.nih.gov/articles/PMC8761134/,critical-frequency,1
The Big Mental Health Report 2025,web_page,https://www.centreformentalhealth.org.uk/publications/the-big-mental-health-report-2025/,black-mens-mh,5
The Big Mental Health Report 2025 - Mind,web_page,https://www.mind.org.uk/about-us/our-policy-work/the-big-mental-health-report/,black-mens-mh,6
The Big Mental Health Report | Mind,pdf,https://www.mind.org.uk/media/zianu2rn/mind_the-big-mental-health-report_digital4.pdf,black-mens-mh,5
The Friendship Bench | MHIN - Mental Health Innovation,web_page,https://www.mhinnovation.net/innovations/friendship-bench,critical-frequency,1
The Health Of People From Ethnic Minority Groups In England,web_page,https://www.kingsfund.org.uk/insight-and-analysis/long-reads/health-people-ethnic-minority-groups-england,critical-frequency,1
The importance of cultural adaptation of psychological,pdf,https://legacy.synergicollaborativecentre.co.uk/wp-content/uploads/2020/12/The-importance-of-cultural-adaptation-IAPT-and-CBT.pdf,uk-mh-brief,1
The Integration of Population Health Frameworks in Mental,markdown,,critical-frequency,1
"The limitations of 'Black MSM' as a category: Why gender,",web_page,https://www.researchgate.net/publication/292670011_The_limitations_of_'Black_MSM'_as_a_category_Why_gender_sexuality_and_desire_still_matter_for_social_and_biomedical_HIV_prevention_methods,critical-frequency,1
The Lives and Futures of Late Adolescent Black Members of,web_page,https://pmc.ncbi.nlm.nih.gov/articles/PMC12380391/,critical-frequency,1
The Longitudinal Crisis of Mental Health Equity: A,markdown,,black-mens-mh,1
The Mental Health Act 2025: what you need to know - NHS,web_page,https://nhsproviders.org/resources/the-mental-health-act-2025-what-you-need-to-know,black-mens-mh;uk-mh-brief,6
The Mental Health Act 2025: what you need to know | NHS,web_page,https://www.nhsconfed.org/publications/mental-health-act-2025-what-you-need-know,black-mens-mh,6
The Mental Health Parity and Addiction Equity Act (MHPAEA) |,web_page,https://www.cms.gov/marketplace/private-health-insurance/mental-health-parity-addiction-equity,critical-frequency,1
The Mental Health Parity and Addiction Equity Act evaluation,web_page,https://pmc.ncbi.nlm.nih.gov/articles/PMC6224161/,critical-frequency,1
The People Say No: MediaJustice’s Advocacy Against AI,google_docs,,critical-frequency,1
The role of Black-led organisations in supporting Black,web_page,https://www.4wardeveruk.org/the-role-of-black-led-organisations-in-supporting-black-mental-health,critical-frequency,1
The Salon,google_slides,,uk-mh-brief,1
The Spread of Behavior in an Online Social Network Experiment,pdf,https://repository.upenn.edu/bitstreams/0fcdc75a-f702-4e68-9f58-0dd55a9e2c3c/download,critical-frequency,1
The State of the Nation - Terrence Higgins Trust,web_page,https://tht.org.uk/sites/default/files/2020-02/State%20of%20the%20nation%20report%20v2.pdf,uk-mh-brief,1
The Statistical Visibility of Black Men and the,markdown,,critical-frequency,1
The Structural Evolution of Black Queer Men’s Mental Health,markdown,,critical-frequency,1
The Supreme Court is in its final stretch this term. Here are,web_page,https://www.npr.org/2026/06/09/nx-s1-5847967/supreme-court-major-cases-left-2026,uk-mh-brief,1
The Truth About Behavioral Change - NETWORK DYNAMICS GROUP,pdf,https://ndg.asc.upenn.edu/wp-content/uploads/2018/11/The-Truth-About-Behavioral-Change.pdf,critical-frequency,1
The Virality Paradox - The Pennsylvania Gazette,web_page,https://thepenngazette.com/the-virality-paradox/,critical-frequency,1
Time100: The most influential people of 2026 | VOV5.VN - VOV,web_page,https://vovworld.vn/news/time100-the-most-influential-people-of-2026-2428227.vov5,uk-mh-brief,1
Tipping point for large-scale social change? Just 25 percent,web_page,https://penntoday.upenn.edu/news/damon-centola-tipping-point-large-scale-social-change,critical-frequency,1
Tonic_Precarious+Lives_Design_FINAL_END.pdf,google_spreadsheet,,uk-mh-brief,1
Top 15 population health management software solutions -,web_page,https://arcadia.io/resources/population-health-management-software,critical-frequency,1
Transgender Mental Health Resources [2026] - Innerbody,web_page,https://www.innerbody.com/transgender-mental-health-resources,critical-frequency,1
Trusts tackling inequalities as black people almost four,web_page,https://nhsproviders.org/news/trusts-tackling-inequalities-as-black-people-almost-four-times-more-likely-to-be-arrested-under-mental-health-laws,black-mens-mh,6
Turning England's Men's Health Strategy into Action,web_page,https://movember.substack.com/p/turning-englands-mens-health-strategy?utm_source=share&utm_medium=android&r=n9za&triedRedirect=true,uk-mh-brief,1
U.S. Alcohol Treatment Admissions after the Mental Health,web_page,https://pmc.ncbi.nlm.nih.gov/articles/PMC6863695/,critical-frequency,1
UK Black Pride releases We Will Be Heard report on,web_page,https://diva-magazine.com/2021/11/17/uk-black-pride-releases-we-will-be-heard-report-on-experiences-of-lgbtqi-people-of-colour/,critical-frequency,1
UK Health Inequalities and Life Expectancy - BMA,web_page,https://www.bma.org.uk/what-we-do/population-health/addressing-social-determinants-that-influence-health/health-inequalities-in-england,critical-frequency,1
Understanding the quality of ethnicity data recorded in,web_page,https://pmc.ncbi.nlm.nih.gov/articles/PMC11864522/,critical-frequency,1
Unleash: Embodied Pleasure Retreats - Qasa,web_page,https://qasa.house/embodied-pleasure-retreats/,critical-frequency,1
Use of behavioral health care in Medicaid managed care,web_page,https://pmc.ncbi.nlm.nih.gov/articles/PMC8522561/,critical-frequency,1
using the Gay Men and other MSM - Community Health Profile,web_page,https://www.birmingham.gov.uk/download/downloads/id/28805/gay_men_and_other_msm_health_inequalities_summary_presentation.pdf,critical-frequency,1
Vision of the Inclusive Data Task Force (IDTF),pdf,https://unstats.un.org/sdgs/files/meetings/harnessing-data-by-citizens-for-public-policy-and-SDG-monitoring/Session1-2-UK_Session1_UN_Expert_Group_Nov2022_LeavingNoOneBehind_IDTF.pdf,critical-frequency,1
"Voices of a Generation: Equity, Access, and Innovation in",web_page,https://cicamh.ce-go.com/cicamh2026,critical-frequency,1
Volunteers and Nonprofits Are Drivers of Democracy,google_docs,,critical-frequency,1
weaving-liberation-application-form.md,markdown,,cf-fundraising,1
webinar-script-25mar.md,markdown,,critical-frequency,1
WEF unveils top 10 new emerging technologies for 2026 - The,web_page,https://www.thenationalnews.com/future/2026/06/23/emerging-technologies-list-wef/,uk-mh-brief,1
Wellbeing Is Infrastructure,google_docs,,critical-frequency,1
What Is Decolonial Psychology? A University Center,google_docs,,uk-mh-brief,1
What Is Population Health?,pdf,https://lmscontent.embanet.com/USC/HMGT575/Documents/W2_AJPH.93.3.380Kindig.pdf,critical-frequency,1
What is Public Mental Health? | Johns Hopkins,web_page,https://publichealth.jhu.edu/2024/what-is-public-mental-health,critical-frequency,1
What Is Reparative Capital and Why Does It Matter?,google_docs,,critical-frequency,1
What Is the Gini Coefficient? - SHADAC,web_page,https://www.shadac.org/news/what-is-gini-coefficient-definition-uses-income-inequality,critical-frequency,1
What's actually new about NASA's Artemis missions? - The,web_page,https://www.planetary.org/articles/the-space-tech-continuum,uk-mh-brief,1
What’s Next? Why Co-ops Are Essential in the Fight for,google_docs,,critical-frequency,1
Who Holds Narrative Authority? Reflections from,google_docs,,critical-frequency,1
Who’s Doing the Work? How to Shift Power and Not Just,google_docs,,critical-frequency,1
World news | The Guardian,web_page,https://www.theguardian.com/world/all,uk-mh-brief,1
Written evidence from akt [Blh0008] This response is submitted by,pdf,https://committees.parliament.uk/writtenevidence/161214/pdf/,critical-frequency,1
Written evidence submitted by Black Thrive (MRS0320) Introduction,pdf,https://committees.parliament.uk/writtenevidence/3331/pdf/,black-mens-mh,4
£11m project to improve mental health access in the Midlands,web_page,https://www.birmingham.ac.uk/news/2026/11m-research-funding-will-identify-key-barriers-to-mental-health-access,critical-frequency,1
“Despite the odds being stacked against me”: a qualitative,web_page,https://www.researchgate.net/publication/397982406_Despite_the_odds_being_stacked_against_me_a_qualitative_analysis_of_client_perceptions_of_radical_healing_and_internalized_stigma_frameworks_in_therapy,critical-frequency,1
